{"cameraMode":{"drawMode":0,"name":"Shaded","section":"Shading Mode"},"sceneLighting":false,"audioPlay":false,"sceneViewState":{"m_AlwaysRefresh":false,"showFog":true,"showSkybox":true,"showFlares":true,"showImageEffects":true,"showParticleSystems":true,"showVisualEffectGraphs":true,"m_FxEnabled":true},"in2DMode":false,"pivot":{"x":15.092702865600586,"y":25.70912742614746,"z":12.966063499450684},"rotation":{"x":0.25556543469429018,"y":0.7114923596382141,"z":0.3174169361591339,"w":-0.5726068019866943},"size":0.8660253882408142,"orthographic":false}